{
  "adapters": [
    {
      "name": "Blackduck Hub Controller",
      "type": "json",
      "stage": "blackduck",
      "config": {
        "require": [
          "blackduck.url",
          "blackduck.token"
        ],
        "option": [
          "blackduck.install.directory"
        ],
        "produce": [
          "blackduck.execution.path",
          "blackduck.install.default.directory",
          "downloads.blackduck.url"
        ],
        "command": ["blackduck-hub-controller"]
      }
    },
    
    {
      "name": "Check pull request",
      "type": "json",
      "stage": "blackduck",
      "config": {
        "produce": [
          "environment.scan.pull"
        ],
        "command": ["check-pull-request"]
      }
    },
    {
      "name": "Default Adapter",
      "type": "json",
      "stage": "blackduck",
      "config": {
        "require": [
          "environment.scan.pull"
        ],
        "produce": [
          "blackduck.scan.full"
        ],
        "command": ["default-blackduck-scan-mode"]
      }
    }
  ],
  "schema": {
    "blackduck.url": {
      "description": "URL of Blackduck Hub server",
      "type": "string"
    },
    "blackduck.token": {
      "description": "Token for authenticating with blackduck service",
      "type": "string"
    },
    "blackduck.install.default.directory": {
      "description": "Default install directory to use when user has not supplied an install directory",
      "type": "string"
    },
    "blackduck.install.directory": {
      "description": "User supplied install directory",
      "type": "string"
    },
    "blackduck.execution.path": {
      "description": "Blackduck detect jar file path",
      "type": "string"
    },
    "project.directory": {
      "description": "Project source code directory",
      "type": "string"
    },
    "blackduck.api.token": {
      "description": "Token used to authenticate with the Blackduck Hub server",
      "type": "string"
    },
    "blackduck.scan.full": {
      "description": "If true, intelligent scan. Else if false, rapid scan. Else default based on current situation",
      "type": "string"
    },
    "blackduck.scanSuccessful": {
      "description": "Blackduck scan status",
      "type": "bool"
    },
    "polaris.artifacts.blackduck.path": {
      "description": "Path to bdio file produced by Blackduck scan",
      "type": "string"
    },
    "downloads.blackduck.url": {
      "description": "Blackduck detect jar archive download URL",
      "type": "string"
    },
    "downloads.blackduck.path": {
      "description": "Blackduck detect jar archive path",
      "type": "string"
    },
    "environment.scan.pull": {
      "description": "A boolean represents if pipeline triggered by MR/PR event",
      "type": "bool"
    }
  }
}
